Position,Track Name,Artist,Streams,URL,Date,Region
Position,Track Name,Artist,Streams,URL,2018-11-02,mt
1,"Taki Taki (with Selena Gomez, Ozuna & Cardi B)",DJ Snake,4644,https://open.spotify.com/track/4w8niZpiMy6qz1mntFA5uM,2018-11-02,mt
2,MIA (feat. Drake),Bad Bunny,3703,https://open.spotify.com/track/116H0KvKr2Zl4RPuVBruDO,2018-11-02,mt
3,Arms Around You (feat. Maluma & Swae Lee),XXXTENTACION,2526,https://open.spotify.com/track/2LskIZrCeLxRvCiGP8gxlh,2018-11-02,mt
4,Happier,Marshmello,2254,https://open.spotify.com/track/2dpaYNEQHiRxtZbfNsse99,2018-11-02,mt
5,Without Me,Halsey,2171,https://open.spotify.com/track/5p7ujcrUXASCNwRaWNHR1C,2018-11-02,mt
6,Let You Love Me,Rita Ora,2138,https://open.spotify.com/track/6xtcFXSo8H9BZN637BMVKS,2018-11-02,mt
7,Asesina - Remix,Brytiago,1964,https://open.spotify.com/track/59PYgzOiOjGDzjDT5N5oOX,2018-11-02,mt
8,Sunflower - Spider-Man: Into the Spider-Verse,Post Malone,1961,https://open.spotify.com/track/1A6OTy97kk0mMdm78rHsm8,2018-11-02,mt
9,BEBE,6ix9ine,1881,https://open.spotify.com/track/7ATATJztoWLcqDAcVVof0C,2018-11-02,mt
10,Shallow,Lady Gaga,1851,https://open.spotify.com/track/2VxeLyX666F8uXCJ0dZF8B,2018-11-02,mt
11,Better,Khalid,1799,https://open.spotify.com/track/6zeeWid2sgw4lap2jV61PZ,2018-11-02,mt
12,Promises (with Sam Smith),Calvin Harris,1755,https://open.spotify.com/track/5N5k9nd479b1xpDZ4usjrg,2018-11-02,mt
13,Quiere Beber,Anuel AA,1729,https://open.spotify.com/track/3rPAD722s5FFNnwjC91t7Z,2018-11-02,mt
14,Woman Like Me (feat. Nicki Minaj),Little Mix,1695,https://open.spotify.com/track/6rrTr2HEAzlpC4KWZxF3S1,2018-11-02,mt
15,Culpables,KAROL G,1639,https://open.spotify.com/track/6q8Lb50EtqNeeJXXe8mMAH,2018-11-02,mt
16,Vaina Loca,Ozuna,1590,https://open.spotify.com/track/48zFZh27QU5qsrBjn4C2FA,2018-11-02,mt
17,Bohemian Rhapsody - Remastered 2011,Queen,1555,https://open.spotify.com/track/7tFiyTwD0nx5a1eklYtX2J,2018-11-02,mt
18,Kiss and Make Up,Dua Lipa,1543,https://open.spotify.com/track/13hvHEstJ4sNbzdroPrPI3,2018-11-02,mt
19,ZEZE (feat. Travis Scott & Offset),Kodak Black,1541,https://open.spotify.com/track/7l3E7lcozEodtVsSTCkcaA,2018-11-02,mt
20,Cuando Te Besé,Becky G,1535,https://open.spotify.com/track/2XXMDz7SPZ4mSFN1PXfHUy,2018-11-02,mt
21,Sweet but Psycho,Ava Max,1464,https://open.spotify.com/track/25sgk305KZfyuqVBQIahim,2018-11-02,mt
22,Ella Quiere Beber - Remix,Anuel AA,1393,https://open.spotify.com/track/2cYnZNzFRFK0H7vSNxPsUq,2018-11-02,mt
23,SICKO MODE,Travis Scott,1370,https://open.spotify.com/track/2xLMifQCjDGFmkHkpNLD9h,2018-11-02,mt
24,Te Boté - Remix,Nio Garcia,1352,https://open.spotify.com/track/3V8UKqhEK5zBkBb6d6ub8i,2018-11-02,mt
25,I Love It (& Lil Pump),Kanye West,1347,https://open.spotify.com/track/4S8d14HvHb70ImctNgVzQQ,2018-11-02,mt
26,Hipócrita,Anuel AA,1337,https://open.spotify.com/track/6XBjCetHKdO5L9cwMDVffw,2018-11-02,mt
27,Eastside (with Halsey & Khalid),benny blanco,1325,https://open.spotify.com/track/0d2iYfpKoM0QCKvcLCkBao,2018-11-02,mt
28,Falling Down - Bonus Track,Lil Peep,1320,https://open.spotify.com/track/0Dn40gxVCMo5TkgS8Ik18Q,2018-11-02,mt
29,when the party's over,Billie Eilish,1307,https://open.spotify.com/track/14JzyD6FlBD5z0wV5P07YI,2018-11-02,mt
30,Imposible,Luis Fonsi,1300,https://open.spotify.com/track/3ao3OVxHlb3C08vAaApUlm,2018-11-02,mt
31,Tanta Falta,Bryant Myers,1298,https://open.spotify.com/track/0sPTfDSZgE3KvcvqaKPtEx,2018-11-02,mt
32,Be Alright,Dean Lewis,1253,https://open.spotify.com/track/3EPXxR3ImUwfayaurPi3cm,2018-11-02,mt
33,Toda - Remix,Alex Rose,1180,https://open.spotify.com/track/7nD2JPaxIKUdxd2UWgnaGL,2018-11-02,mt
34,Electricity (with Dua Lipa),Silk City,1153,https://open.spotify.com/track/5N4erncE7kuUccm7zEmwzk,2018-11-02,mt
35,Girls Like You (feat. Cardi B),Maroon 5,1151,https://open.spotify.com/track/7fa9MBXhVfQ8P8Df9OEbD8,2018-11-02,mt
36,Youngblood,5 Seconds of Summer,1122,https://open.spotify.com/track/2iUXsYOEPhVqEBwsqP70rE,2018-11-02,mt
37,Baby (feat. MARINA & Luis Fonsi),Clean Bandit,1095,https://open.spotify.com/track/1fLhGF1JfGQYj6EZLndD86,2018-11-02,mt
38,Body (feat. Brando),Loud Luxury,1094,https://open.spotify.com/track/7K7MUBCnzgBAvMVW2RTWNs,2018-11-02,mt
39,I Found You (with Calvin Harris),benny blanco,1089,https://open.spotify.com/track/5sdb5pMhcK44SSLsj1moUh,2018-11-02,mt
40,Not Steady,Paloma Mami,1083,https://open.spotify.com/track/42ArfZUgGo3k5btIHp08it,2018-11-02,mt
41,Better Now,Post Malone,1077,https://open.spotify.com/track/7dt6x5M1jzdTEt8oCbisTK,2018-11-02,mt
42,I Like It,Cardi B,1065,https://open.spotify.com/track/58q2HKrzhC3ozto2nDdN4z,2018-11-02,mt
43,Suncity (feat. Empress Of),Khalid,1064,https://open.spotify.com/track/4AhSkRYioEIfGvCV19peYN,2018-11-02,mt
44,Another One Bites The Dust - Remastered 2011,Queen,1060,https://open.spotify.com/track/5vdp5UmvTsnMEMESIF2Ym7,2018-11-02,mt
45,Ruin My Life,Zara Larsson,1043,https://open.spotify.com/track/5tAa8Uaqr4VvA3693mbIhU,2018-11-02,mt
46,Lucid Dreams,Juice WRLD,1030,https://open.spotify.com/track/0s3nnoMeVWz3989MkNQiRf,2018-11-02,mt
47,Beautiful (feat. Camila Cabello),Bazzi,1023,https://open.spotify.com/track/4VUwkH455At9kENOfzTqmF,2018-11-02,mt
48,PPP,Kevin Roldan,1023,https://open.spotify.com/track/1DcxnVNFAyVl2sDQ646pXS,2018-11-02,mt
49,Natural,Imagine Dragons,1021,https://open.spotify.com/track/4zIO3ilp5HvTeK3HJHxhMP,2018-11-02,mt
50,No Es Justo,J Balvin,1011,https://open.spotify.com/track/5qFeMRz4TvetPmzjre9Dq7,2018-11-02,mt
Position,Track Name,Artist,Streams,URL,2018-11-05,mt
1,"Taki Taki (with Selena Gomez, Ozuna & Cardi B)",DJ Snake,4480,https://open.spotify.com/track/4w8niZpiMy6qz1mntFA5uM,2018-11-05,mt
2,MIA (feat. Drake),Bad Bunny,3989,https://open.spotify.com/track/116H0KvKr2Zl4RPuVBruDO,2018-11-05,mt
3,"thank u, next",Ariana Grande,3070,https://open.spotify.com/track/2rPE9A1vEgShuZxxzR2tZH,2018-11-05,mt
4,Arms Around You (feat. Maluma & Swae Lee),XXXTENTACION,2721,https://open.spotify.com/track/2LskIZrCeLxRvCiGP8gxlh,2018-11-05,mt
5,Without Me,Halsey,2344,https://open.spotify.com/track/5p7ujcrUXASCNwRaWNHR1C,2018-11-05,mt
6,Ella Quiere Beber - Remix,Anuel AA,2210,https://open.spotify.com/track/2cYnZNzFRFK0H7vSNxPsUq,2018-11-05,mt
7,Bohemian Rhapsody - Remastered 2011,Queen,2113,https://open.spotify.com/track/7tFiyTwD0nx5a1eklYtX2J,2018-11-05,mt
8,Happier,Marshmello,2035,https://open.spotify.com/track/2dpaYNEQHiRxtZbfNsse99,2018-11-05,mt
9,BEBE,6ix9ine,2028,https://open.spotify.com/track/7ATATJztoWLcqDAcVVof0C,2018-11-05,mt
10,Asesina - Remix,Brytiago,2026,https://open.spotify.com/track/59PYgzOiOjGDzjDT5N5oOX,2018-11-05,mt
11,Sunflower - Spider-Man: Into the Spider-Verse,Post Malone,2023,https://open.spotify.com/track/1A6OTy97kk0mMdm78rHsm8,2018-11-05,mt
12,Shallow,Lady Gaga,2019,https://open.spotify.com/track/2VxeLyX666F8uXCJ0dZF8B,2018-11-05,mt
13,Let You Love Me,Rita Ora,1880,https://open.spotify.com/track/6xtcFXSo8H9BZN637BMVKS,2018-11-05,mt
14,Culpables,KAROL G,1827,https://open.spotify.com/track/6q8Lb50EtqNeeJXXe8mMAH,2018-11-05,mt
15,Vaina Loca,Ozuna,1790,https://open.spotify.com/track/48zFZh27QU5qsrBjn4C2FA,2018-11-05,mt
16,Woman Like Me (feat. Nicki Minaj),Little Mix,1760,https://open.spotify.com/track/6rrTr2HEAzlpC4KWZxF3S1,2018-11-05,mt
17,Cuando Te Besé,Becky G,1728,https://open.spotify.com/track/2XXMDz7SPZ4mSFN1PXfHUy,2018-11-05,mt
18,Better,Khalid,1688,https://open.spotify.com/track/6zeeWid2sgw4lap2jV61PZ,2018-11-05,mt
19,when the party's over,Billie Eilish,1616,https://open.spotify.com/track/14JzyD6FlBD5z0wV5P07YI,2018-11-05,mt
20,Sweet but Psycho,Ava Max,1571,https://open.spotify.com/track/25sgk305KZfyuqVBQIahim,2018-11-05,mt
21,Hipócrita,Anuel AA,1564,https://open.spotify.com/track/6XBjCetHKdO5L9cwMDVffw,2018-11-05,mt
22,Imposible,Luis Fonsi,1548,https://open.spotify.com/track/3ao3OVxHlb3C08vAaApUlm,2018-11-05,mt
23,Quiere Beber,Anuel AA,1540,https://open.spotify.com/track/3rPAD722s5FFNnwjC91t7Z,2018-11-05,mt
24,Promises (with Sam Smith),Calvin Harris,1493,https://open.spotify.com/track/5N5k9nd479b1xpDZ4usjrg,2018-11-05,mt
25,Kiss and Make Up,Dua Lipa,1466,https://open.spotify.com/track/13hvHEstJ4sNbzdroPrPI3,2018-11-05,mt
26,ZEZE (feat. Travis Scott & Offset),Kodak Black,1441,https://open.spotify.com/track/7l3E7lcozEodtVsSTCkcaA,2018-11-05,mt
27,Tanta Falta,Bryant Myers,1425,https://open.spotify.com/track/0sPTfDSZgE3KvcvqaKPtEx,2018-11-05,mt
28,Another One Bites The Dust - Remastered 2011,Queen,1395,https://open.spotify.com/track/5vdp5UmvTsnMEMESIF2Ym7,2018-11-05,mt
29,Be Alright,Dean Lewis,1353,https://open.spotify.com/track/3EPXxR3ImUwfayaurPi3cm,2018-11-05,mt
30,Toda - Remix,Alex Rose,1350,https://open.spotify.com/track/7nD2JPaxIKUdxd2UWgnaGL,2018-11-05,mt
31,Te Boté - Remix,Nio Garcia,1327,https://open.spotify.com/track/3V8UKqhEK5zBkBb6d6ub8i,2018-11-05,mt
32,Eastside (with Halsey & Khalid),benny blanco,1309,https://open.spotify.com/track/0d2iYfpKoM0QCKvcLCkBao,2018-11-05,mt
33,Not Steady,Paloma Mami,1306,https://open.spotify.com/track/42ArfZUgGo3k5btIHp08it,2018-11-05,mt
34,SICKO MODE,Travis Scott,1298,https://open.spotify.com/track/2xLMifQCjDGFmkHkpNLD9h,2018-11-05,mt
35,Falling Down - Bonus Track,Lil Peep,1296,https://open.spotify.com/track/0Dn40gxVCMo5TkgS8Ik18Q,2018-11-05,mt
36,Somebody To Love - Remastered 2011,Queen,1228,https://open.spotify.com/track/6cFZ4PLC19taNlpl9pbGMf,2018-11-05,mt
37,PPP,Kevin Roldan,1194,https://open.spotify.com/track/1DcxnVNFAyVl2sDQ646pXS,2018-11-05,mt
38,I Love It (& Lil Pump),Kanye West,1192,https://open.spotify.com/track/4S8d14HvHb70ImctNgVzQQ,2018-11-05,mt
39,Under Pressure - Remastered,Queen,1164,https://open.spotify.com/track/2fuCquhmrzHpu5xcA1ci9x,2018-11-05,mt
40,Girls Like You (feat. Cardi B),Maroon 5,1100,https://open.spotify.com/track/7fa9MBXhVfQ8P8Df9OEbD8,2018-11-05,mt
41,Ruin My Life,Zara Larsson,1092,https://open.spotify.com/track/5tAa8Uaqr4VvA3693mbIhU,2018-11-05,mt
42,Reggaetón en lo Oscuro,Wisin & Yandel,1071,https://open.spotify.com/track/3aUTkuo4ObA6QPtZSu5NBq,2018-11-05,mt
43,Youngblood,5 Seconds of Summer,1067,https://open.spotify.com/track/2iUXsYOEPhVqEBwsqP70rE,2018-11-05,mt
44,Ibiza,Ozuna,1064,https://open.spotify.com/track/1h9P5WJwyvK8OB7O2YiXgp,2018-11-05,mt
45,Close To Me (with Diplo) (feat. Swae Lee),Ellie Goulding,1045,https://open.spotify.com/track/5JEx7HbmvHQQswJCsoo9rA,2018-11-05,mt
46,No Es Justo,J Balvin,1032,https://open.spotify.com/track/5qFeMRz4TvetPmzjre9Dq7,2018-11-05,mt
47,Natural,Imagine Dragons,1028,https://open.spotify.com/track/4zIO3ilp5HvTeK3HJHxhMP,2018-11-05,mt
48,Suncity (feat. Empress Of),Khalid,1025,https://open.spotify.com/track/4AhSkRYioEIfGvCV19peYN,2018-11-05,mt
49,Don't Stop Me Now - Remastered,Queen,1014,https://open.spotify.com/track/5T8EDUDqKcs6OSOwEsfqG7,2018-11-05,mt
50,Killer Queen - Remastered 2011,Queen,1005,https://open.spotify.com/track/7GqWnsKhMtEW0nzki5o0d8,2018-11-05,mt
51,We Will Rock You - Remastered,Queen,1003,https://open.spotify.com/track/4pbJqGIASGPr0ZpGpnWkDn,2018-11-05,mt
Position,Track Name,Artist,Streams,URL,2018-11-09,mt
1,"Taki Taki (with Selena Gomez, Ozuna & Cardi B)",DJ Snake,4282,https://open.spotify.com/track/4w8niZpiMy6qz1mntFA5uM,2018-11-09,mt
2,"thank u, next",Ariana Grande,4097,https://open.spotify.com/track/2rPE9A1vEgShuZxxzR2tZH,2018-11-09,mt
3,MIA (feat. Drake),Bad Bunny,3584,https://open.spotify.com/track/116H0KvKr2Zl4RPuVBruDO,2018-11-09,mt
4,Without Me,Halsey,2540,https://open.spotify.com/track/5p7ujcrUXASCNwRaWNHR1C,2018-11-09,mt
5,Bubalu,Becky G,2499,https://open.spotify.com/track/7dNwJbsT0sg1le5kVugGJb,2018-11-09,mt
6,Arms Around You (feat. Maluma & Swae Lee),XXXTENTACION,2459,https://open.spotify.com/track/2LskIZrCeLxRvCiGP8gxlh,2018-11-09,mt
7,Bad Liar,Imagine Dragons,2399,https://open.spotify.com/track/2RSHsoi04658QL5xgQVov3,2018-11-09,mt
8,Ella Quiere Beber - Remix,Anuel AA,2207,https://open.spotify.com/track/2cYnZNzFRFK0H7vSNxPsUq,2018-11-09,mt
9,Bohemian Rhapsody - Remastered 2011,Queen,2180,https://open.spotify.com/track/7tFiyTwD0nx5a1eklYtX2J,2018-11-09,mt
10,Asesina - Remix,Brytiago,2116,https://open.spotify.com/track/59PYgzOiOjGDzjDT5N5oOX,2018-11-09,mt
11,Sunflower - Spider-Man: Into the Spider-Verse,Post Malone,2063,https://open.spotify.com/track/1A6OTy97kk0mMdm78rHsm8,2018-11-09,mt
12,Let You Love Me,Rita Ora,1999,https://open.spotify.com/track/6xtcFXSo8H9BZN637BMVKS,2018-11-09,mt
13,Happier,Marshmello,1942,https://open.spotify.com/track/2dpaYNEQHiRxtZbfNsse99,2018-11-09,mt
14,BEBE,6ix9ine,1918,https://open.spotify.com/track/7ATATJztoWLcqDAcVVof0C,2018-11-09,mt
15,Shallow,Lady Gaga,1898,https://open.spotify.com/track/2VxeLyX666F8uXCJ0dZF8B,2018-11-09,mt
16,Woman Like Me (feat. Nicki Minaj),Little Mix,1890,https://open.spotify.com/track/6rrTr2HEAzlpC4KWZxF3S1,2018-11-09,mt
17,Culpables,KAROL G,1818,https://open.spotify.com/track/6q8Lb50EtqNeeJXXe8mMAH,2018-11-09,mt
18,Adictiva,Daddy Yankee,1728,https://open.spotify.com/track/6MJUCumnQsQEKbCy28tbCP,2018-11-09,mt
19,Not Steady,Paloma Mami,1695,https://open.spotify.com/track/42ArfZUgGo3k5btIHp08it,2018-11-09,mt
20,Natural,Imagine Dragons,1681,https://open.spotify.com/track/2FY7b99s15jUprqC0M5NCT,2018-11-09,mt
21,BAD!,XXXTENTACION,1679,https://open.spotify.com/track/4CH66Rxcjcj3VBHwmIBj4T,2018-11-09,mt
22,Better,Khalid,1670,https://open.spotify.com/track/6zeeWid2sgw4lap2jV61PZ,2018-11-09,mt
23,Cuando Te Besé,Becky G,1636,https://open.spotify.com/track/2XXMDz7SPZ4mSFN1PXfHUy,2018-11-09,mt
24,Vaina Loca,Ozuna,1620,https://open.spotify.com/track/48zFZh27QU5qsrBjn4C2FA,2018-11-09,mt
25,when the party's over,Billie Eilish,1585,https://open.spotify.com/track/14JzyD6FlBD5z0wV5P07YI,2018-11-09,mt
26,Promises (with Sam Smith),Calvin Harris,1573,https://open.spotify.com/track/5N5k9nd479b1xpDZ4usjrg,2018-11-09,mt
27,SICKO MODE,Travis Scott,1530,https://open.spotify.com/track/2xLMifQCjDGFmkHkpNLD9h,2018-11-09,mt
28,Hipócrita,Anuel AA,1524,https://open.spotify.com/track/6XBjCetHKdO5L9cwMDVffw,2018-11-09,mt
29,Sweet but Psycho,Ava Max,1523,https://open.spotify.com/track/25sgk305KZfyuqVBQIahim,2018-11-09,mt
30,Falling Down - Bonus Track,Lil Peep,1513,https://open.spotify.com/track/4jvjzW7Hm0yK4LvvE0Paz9,2018-11-09,mt
31,Imposible,Luis Fonsi,1504,https://open.spotify.com/track/3ao3OVxHlb3C08vAaApUlm,2018-11-09,mt
32,Quiere Beber,Anuel AA,1479,https://open.spotify.com/track/3rPAD722s5FFNnwjC91t7Z,2018-11-09,mt
33,Adan y Eva,Paulo Londra,1476,https://open.spotify.com/track/6FyRXC8tJUh863JCkyWqtk,2018-11-09,mt
34,ZEZE (feat. Travis Scott & Offset),Kodak Black,1472,https://open.spotify.com/track/7l3E7lcozEodtVsSTCkcaA,2018-11-09,mt
35,Kiss and Make Up,Dua Lipa,1472,https://open.spotify.com/track/13hvHEstJ4sNbzdroPrPI3,2018-11-09,mt
36,Another One Bites The Dust - Remastered 2011,Queen,1443,https://open.spotify.com/track/5vdp5UmvTsnMEMESIF2Ym7,2018-11-09,mt
37,Eastside (with Halsey & Khalid),benny blanco,1383,https://open.spotify.com/track/0d2iYfpKoM0QCKvcLCkBao,2018-11-09,mt
38,Life is Beautiful,Lil Peep,1375,https://open.spotify.com/track/5rYpwP1dHWGVMrSZbTmt3e,2018-11-09,mt
39,Toda - Remix,Alex Rose,1307,https://open.spotify.com/track/7nD2JPaxIKUdxd2UWgnaGL,2018-11-09,mt
40,Tanta Falta,Bryant Myers,1265,https://open.spotify.com/track/0sPTfDSZgE3KvcvqaKPtEx,2018-11-09,mt
41,Be Alright,Dean Lewis,1257,https://open.spotify.com/track/3EPXxR3ImUwfayaurPi3cm,2018-11-09,mt
42,Te Boté - Remix,Nio Garcia,1252,https://open.spotify.com/track/3V8UKqhEK5zBkBb6d6ub8i,2018-11-09,mt
43,Ruin My Life,Zara Larsson,1228,https://open.spotify.com/track/5tAa8Uaqr4VvA3693mbIhU,2018-11-09,mt
44,PPP,Kevin Roldan,1221,https://open.spotify.com/track/1DcxnVNFAyVl2sDQ646pXS,2018-11-09,mt
45,I Love It (& Lil Pump),Kanye West,1187,https://open.spotify.com/track/4S8d14HvHb70ImctNgVzQQ,2018-11-09,mt
46,Somebody To Love - Remastered 2011,Queen,1185,https://open.spotify.com/track/6cFZ4PLC19taNlpl9pbGMf,2018-11-09,mt
47,Under Pressure - Remastered,Queen,1185,https://open.spotify.com/track/2fuCquhmrzHpu5xcA1ci9x,2018-11-09,mt
48,Happy Now,Kygo,1114,https://open.spotify.com/track/14sOS5L36385FJ3OL8hew4,2018-11-09,mt
49,Girls Like You (feat. Cardi B),Maroon 5,1101,https://open.spotify.com/track/7fa9MBXhVfQ8P8Df9OEbD8,2018-11-09,mt
50,Reggaetón en lo Oscuro,Wisin & Yandel,1079,https://open.spotify.com/track/3aUTkuo4ObA6QPtZSu5NBq,2018-11-09,mt
51,Youngblood,5 Seconds of Summer,1048,https://open.spotify.com/track/2iUXsYOEPhVqEBwsqP70rE,2018-11-09,mt
52,No Es Justo,J Balvin,1036,https://open.spotify.com/track/5qFeMRz4TvetPmzjre9Dq7,2018-11-09,mt
53,Don't Stop Me Now - Remastered,Queen,1029,https://open.spotify.com/track/5T8EDUDqKcs6OSOwEsfqG7,2018-11-09,mt
54,Close To Me (with Diplo) (feat. Swae Lee),Ellie Goulding,1025,https://open.spotify.com/track/5JEx7HbmvHQQswJCsoo9rA,2018-11-09,mt
55,Ibiza,Ozuna,1018,https://open.spotify.com/track/1h9P5WJwyvK8OB7O2YiXgp,2018-11-09,mt
56,Better Now,Post Malone,1006,https://open.spotify.com/track/7dt6x5M1jzdTEt8oCbisTK,2018-11-09,mt
Position,Track Name,Artist,Streams,URL,2018-11-21,mt
1,"Taki Taki (with Selena Gomez, Ozuna & Cardi B)",DJ Snake,3332,https://open.spotify.com/track/4w8niZpiMy6qz1mntFA5uM,2018-11-21,mt
2,"thank u, next",Ariana Grande,3015,https://open.spotify.com/track/2rPE9A1vEgShuZxxzR2tZH,2018-11-21,mt
3,MIA (feat. Drake),Bad Bunny,2829,https://open.spotify.com/track/116H0KvKr2Zl4RPuVBruDO,2018-11-21,mt
4,Without Me,Halsey,2323,https://open.spotify.com/track/5p7ujcrUXASCNwRaWNHR1C,2018-11-21,mt
5,Arms Around You (feat. Maluma & Swae Lee),XXXTENTACION,2235,https://open.spotify.com/track/2LskIZrCeLxRvCiGP8gxlh,2018-11-21,mt
6,Bohemian Rhapsody - Remastered 2011,Queen,2173,https://open.spotify.com/track/7tFiyTwD0nx5a1eklYtX2J,2018-11-21,mt
7,Adan y Eva,Paulo Londra,2038,https://open.spotify.com/track/6FyRXC8tJUh863JCkyWqtk,2018-11-21,mt
8,Sunflower - Spider-Man: Into the Spider-Verse,Post Malone,1909,https://open.spotify.com/track/1A6OTy97kk0mMdm78rHsm8,2018-11-21,mt
9,Adictiva,Daddy Yankee,1906,https://open.spotify.com/track/6MJUCumnQsQEKbCy28tbCP,2018-11-21,mt
10,Shallow,Lady Gaga,1885,https://open.spotify.com/track/2VxeLyX666F8uXCJ0dZF8B,2018-11-21,mt
11,Bubalu,Becky G,1852,https://open.spotify.com/track/7dNwJbsT0sg1le5kVugGJb,2018-11-21,mt
12,Let You Love Me,Rita Ora,1789,https://open.spotify.com/track/6xtcFXSo8H9BZN637BMVKS,2018-11-21,mt
13,Woman Like Me (feat. Nicki Minaj),Little Mix,1781,https://open.spotify.com/track/222B3aljXx6fFwKmFjuBED,2018-11-21,mt
14,Not Steady,Paloma Mami,1771,https://open.spotify.com/track/42ArfZUgGo3k5btIHp08it,2018-11-21,mt
15,SICKO MODE,Travis Scott,1748,https://open.spotify.com/track/2xLMifQCjDGFmkHkpNLD9h,2018-11-21,mt
16,Ella Quiere Beber - Remix,Anuel AA,1711,https://open.spotify.com/track/2cYnZNzFRFK0H7vSNxPsUq,2018-11-21,mt
17,when the party's over,Billie Eilish,1688,https://open.spotify.com/track/14JzyD6FlBD5z0wV5P07YI,2018-11-21,mt
18,Happier,Marshmello,1645,https://open.spotify.com/track/2dpaYNEQHiRxtZbfNsse99,2018-11-21,mt
19,Bad Liar,Imagine Dragons,1593,https://open.spotify.com/track/2RSHsoi04658QL5xgQVov3,2018-11-21,mt
20,Another One Bites The Dust - Remastered 2011,Queen,1587,https://open.spotify.com/track/5vdp5UmvTsnMEMESIF2Ym7,2018-11-21,mt
21,Better,Khalid,1518,https://open.spotify.com/track/6zeeWid2sgw4lap2jV61PZ,2018-11-21,mt
22,BEBE,6ix9ine,1507,https://open.spotify.com/track/7ATATJztoWLcqDAcVVof0C,2018-11-21,mt
23,Culpables,KAROL G,1472,https://open.spotify.com/track/6q8Lb50EtqNeeJXXe8mMAH,2018-11-21,mt
24,ZEZE (feat. Travis Scott & Offset),Kodak Black,1468,https://open.spotify.com/track/7l3E7lcozEodtVsSTCkcaA,2018-11-21,mt
25,Ruin My Life,Zara Larsson,1434,https://open.spotify.com/track/5tAa8Uaqr4VvA3693mbIhU,2018-11-21,mt
26,Sweet but Psycho,Ava Max,1398,https://open.spotify.com/track/25sgk305KZfyuqVBQIahim,2018-11-21,mt
27,come out and play,Billie Eilish,1380,https://open.spotify.com/track/7wC5eZcFS1Q1BsQ35DU6H4,2018-11-21,mt
28,Cuando Te Besé,Becky G,1373,https://open.spotify.com/track/2XXMDz7SPZ4mSFN1PXfHUy,2018-11-21,mt
29,Imposible,Luis Fonsi,1341,https://open.spotify.com/track/3ao3OVxHlb3C08vAaApUlm,2018-11-21,mt
30,Calma - Remix,Pedro Capó,1334,https://open.spotify.com/track/5iwz1NiezX7WWjnCgY5TH4,2018-11-21,mt
31,Happy Now,Kygo,1309,https://open.spotify.com/track/14sOS5L36385FJ3OL8hew4,2018-11-21,mt
32,Vaina Loca,Ozuna,1304,https://open.spotify.com/track/48zFZh27QU5qsrBjn4C2FA,2018-11-21,mt
33,Eastside (with Halsey & Khalid),benny blanco,1289,https://open.spotify.com/track/0d2iYfpKoM0QCKvcLCkBao,2018-11-21,mt
34,Kiss and Make Up,Dua Lipa,1262,https://open.spotify.com/track/13hvHEstJ4sNbzdroPrPI3,2018-11-21,mt
35,Falling Down - Bonus Track,Lil Peep,1259,https://open.spotify.com/track/4jvjzW7Hm0yK4LvvE0Paz9,2018-11-21,mt
36,BAD!,XXXTENTACION,1233,https://open.spotify.com/track/4CH66Rxcjcj3VBHwmIBj4T,2018-11-21,mt
37,Somebody To Love - Remastered 2011,Queen,1196,https://open.spotify.com/track/6cFZ4PLC19taNlpl9pbGMf,2018-11-21,mt
38,Asesina - Remix,Brytiago,1196,https://open.spotify.com/track/59PYgzOiOjGDzjDT5N5oOX,2018-11-21,mt
39,Hipócrita,Anuel AA,1173,https://open.spotify.com/track/6XBjCetHKdO5L9cwMDVffw,2018-11-21,mt
40,Under Pressure - Remastered,Queen,1162,https://open.spotify.com/track/2fuCquhmrzHpu5xcA1ci9x,2018-11-21,mt
41,Promises (with Sam Smith),Calvin Harris,1155,https://open.spotify.com/track/5N5k9nd479b1xpDZ4usjrg,2018-11-21,mt
42,Close To Me (with Diplo) (feat. Swae Lee),Ellie Goulding,1098,https://open.spotify.com/track/5JEx7HbmvHQQswJCsoo9rA,2018-11-21,mt
43,Girls Like You (feat. Cardi B),Maroon 5,1080,https://open.spotify.com/track/7fa9MBXhVfQ8P8Df9OEbD8,2018-11-21,mt
44,Toda - Remix,Alex Rose,1076,https://open.spotify.com/track/7nD2JPaxIKUdxd2UWgnaGL,2018-11-21,mt
45,Mo Bamba,Sheck Wes,1070,https://open.spotify.com/track/1xzBco0xcoJEDXktl7Jxrr,2018-11-21,mt
46,Reggaetón en lo Oscuro,Wisin & Yandel,1065,https://open.spotify.com/track/3aUTkuo4ObA6QPtZSu5NBq,2018-11-21,mt
47,Don't Stop Me Now - Remastered,Queen,1065,https://open.spotify.com/track/5T8EDUDqKcs6OSOwEsfqG7,2018-11-21,mt
48,Lucid Dreams,Juice WRLD,1056,https://open.spotify.com/track/0s3nnoMeVWz3989MkNQiRf,2018-11-21,mt
49,Youngblood,5 Seconds of Summer,1033,https://open.spotify.com/track/2iUXsYOEPhVqEBwsqP70rE,2018-11-21,mt
50,Be Alright,Dean Lewis,1026,https://open.spotify.com/track/3EPXxR3ImUwfayaurPi3cm,2018-11-21,mt
51,Quiere Beber,Anuel AA,1006,https://open.spotify.com/track/3rPAD722s5FFNnwjC91t7Z,2018-11-21,mt
Position,Track Name,Artist,Streams,URL,2018-11-23,mt
1,"Taki Taki (with Selena Gomez, Ozuna & Cardi B)",DJ Snake,3326,https://open.spotify.com/track/4w8niZpiMy6qz1mntFA5uM,2018-11-23,mt
2,MIA (feat. Drake),Bad Bunny,2777,https://open.spotify.com/track/116H0KvKr2Zl4RPuVBruDO,2018-11-23,mt
3,"thank u, next",Ariana Grande,2719,https://open.spotify.com/track/2rPE9A1vEgShuZxxzR2tZH,2018-11-23,mt
4,Adan y Eva,Paulo Londra,2186,https://open.spotify.com/track/6FyRXC8tJUh863JCkyWqtk,2018-11-23,mt
5,Arms Around You (feat. Maluma & Swae Lee),XXXTENTACION,2174,https://open.spotify.com/track/2LskIZrCeLxRvCiGP8gxlh,2018-11-23,mt
6,Adictiva,Daddy Yankee,2012,https://open.spotify.com/track/6MJUCumnQsQEKbCy28tbCP,2018-11-23,mt
7,Bohemian Rhapsody - Remastered 2011,Queen,1999,https://open.spotify.com/track/7tFiyTwD0nx5a1eklYtX2J,2018-11-23,mt
8,Without Me,Halsey,1996,https://open.spotify.com/track/5p7ujcrUXASCNwRaWNHR1C,2018-11-23,mt
9,Bubalu,Becky G,1910,https://open.spotify.com/track/7dNwJbsT0sg1le5kVugGJb,2018-11-23,mt
10,Sunflower - Spider-Man: Into the Spider-Verse,Post Malone,1882,https://open.spotify.com/track/1A6OTy97kk0mMdm78rHsm8,2018-11-23,mt
11,Not Steady,Paloma Mami,1790,https://open.spotify.com/track/42ArfZUgGo3k5btIHp08it,2018-11-23,mt
12,SICKO MODE,Travis Scott,1740,https://open.spotify.com/track/2xLMifQCjDGFmkHkpNLD9h,2018-11-23,mt
13,Ella Quiere Beber - Remix,Anuel AA,1707,https://open.spotify.com/track/2cYnZNzFRFK0H7vSNxPsUq,2018-11-23,mt
14,Calma - Remix,Pedro Capó,1690,https://open.spotify.com/track/5iwz1NiezX7WWjnCgY5TH4,2018-11-23,mt
15,Shallow,Lady Gaga,1684,https://open.spotify.com/track/2VxeLyX666F8uXCJ0dZF8B,2018-11-23,mt
16,come out and play,Billie Eilish,1628,https://open.spotify.com/track/7wC5eZcFS1Q1BsQ35DU6H4,2018-11-23,mt
17,BEBE,6ix9ine,1588,https://open.spotify.com/track/7ATATJztoWLcqDAcVVof0C,2018-11-23,mt
18,Let You Love Me,Rita Ora,1576,https://open.spotify.com/track/5Fla3zyOCcIRqrDoKLU0DP,2018-11-23,mt
19,Woman Like Me (feat. Nicki Minaj),Little Mix,1529,https://open.spotify.com/track/222B3aljXx6fFwKmFjuBED,2018-11-23,mt
20,Happier,Marshmello,1522,https://open.spotify.com/track/2dpaYNEQHiRxtZbfNsse99,2018-11-23,mt
21,Bad Liar,Imagine Dragons,1476,https://open.spotify.com/track/2RSHsoi04658QL5xgQVov3,2018-11-23,mt
22,Culpables,KAROL G,1475,https://open.spotify.com/track/6q8Lb50EtqNeeJXXe8mMAH,2018-11-23,mt
23,ZEZE (feat. Travis Scott & Offset),Kodak Black,1464,https://open.spotify.com/track/7l3E7lcozEodtVsSTCkcaA,2018-11-23,mt
24,when the party's over,Billie Eilish,1442,https://open.spotify.com/track/14JzyD6FlBD5z0wV5P07YI,2018-11-23,mt
25,Another One Bites The Dust - Remastered 2011,Queen,1415,https://open.spotify.com/track/5vdp5UmvTsnMEMESIF2Ym7,2018-11-23,mt
26,Better,Khalid,1379,https://open.spotify.com/track/6zeeWid2sgw4lap2jV61PZ,2018-11-23,mt
27,Cuando Te Besé,Becky G,1349,https://open.spotify.com/track/2XXMDz7SPZ4mSFN1PXfHUy,2018-11-23,mt
28,Imposible,Luis Fonsi,1348,https://open.spotify.com/track/3ao3OVxHlb3C08vAaApUlm,2018-11-23,mt
29,Vaina Loca,Ozuna,1334,https://open.spotify.com/track/48zFZh27QU5qsrBjn4C2FA,2018-11-23,mt
30,Sweet but Psycho,Ava Max,1320,https://open.spotify.com/track/25sgk305KZfyuqVBQIahim,2018-11-23,mt
31,Happy Now,Kygo,1308,https://open.spotify.com/track/14sOS5L36385FJ3OL8hew4,2018-11-23,mt
32,Asesina - Remix,Brytiago,1307,https://open.spotify.com/track/59PYgzOiOjGDzjDT5N5oOX,2018-11-23,mt
33,Ruin My Life,Zara Larsson,1299,https://open.spotify.com/track/5tAa8Uaqr4VvA3693mbIhU,2018-11-23,mt
34,Promises (with Sam Smith),Calvin Harris,1286,https://open.spotify.com/track/5N5k9nd479b1xpDZ4usjrg,2018-11-23,mt
35,Eastside (with Halsey & Khalid),benny blanco,1186,https://open.spotify.com/track/0d2iYfpKoM0QCKvcLCkBao,2018-11-23,mt
36,Kiss and Make Up,Dua Lipa,1153,https://open.spotify.com/track/13hvHEstJ4sNbzdroPrPI3,2018-11-23,mt
37,Hipócrita,Anuel AA,1152,https://open.spotify.com/track/6XBjCetHKdO5L9cwMDVffw,2018-11-23,mt
38,Reggaetón en lo Oscuro,Wisin & Yandel,1111,https://open.spotify.com/track/3aUTkuo4ObA6QPtZSu5NBq,2018-11-23,mt
39,Mo Bamba,Sheck Wes,1110,https://open.spotify.com/track/1xzBco0xcoJEDXktl7Jxrr,2018-11-23,mt
40,Somebody To Love - Remastered 2011,Queen,1109,https://open.spotify.com/track/6cFZ4PLC19taNlpl9pbGMf,2018-11-23,mt
41,BAD!,XXXTENTACION,1099,https://open.spotify.com/track/4CH66Rxcjcj3VBHwmIBj4T,2018-11-23,mt
42,Girls Like You (feat. Cardi B),Maroon 5,1099,https://open.spotify.com/track/7fa9MBXhVfQ8P8Df9OEbD8,2018-11-23,mt
43,Toda - Remix,Alex Rose,1090,https://open.spotify.com/track/7nD2JPaxIKUdxd2UWgnaGL,2018-11-23,mt
44,Under Pressure - Remastered,Queen,1080,https://open.spotify.com/track/2fuCquhmrzHpu5xcA1ci9x,2018-11-23,mt
45,Falling Down - Bonus Track,Lil Peep,1068,https://open.spotify.com/track/4jvjzW7Hm0yK4LvvE0Paz9,2018-11-23,mt
46,Close To Me (with Diplo) (feat. Swae Lee),Ellie Goulding,1057,https://open.spotify.com/track/5JEx7HbmvHQQswJCsoo9rA,2018-11-23,mt
47,Lucid Dreams,Juice WRLD,1043,https://open.spotify.com/track/0s3nnoMeVWz3989MkNQiRf,2018-11-23,mt
48,Better Now,Post Malone,1016,https://open.spotify.com/track/7dt6x5M1jzdTEt8oCbisTK,2018-11-23,mt
49,Quiere Beber,Anuel AA,1008,https://open.spotify.com/track/3rPAD722s5FFNnwjC91t7Z,2018-11-23,mt
50,Youngblood,5 Seconds of Summer,1004,https://open.spotify.com/track/2iUXsYOEPhVqEBwsqP70rE,2018-11-23,mt
Position,Track Name,Artist,Streams,URL,2018-12-22,mt
1,All I Want for Christmas Is You,Mariah Carey,3171,https://open.spotify.com/track/0bYg9bo50gSsH3LtXe2SQn,2018-12-22,mt
2,Last Christmas,Wham!,2859,https://open.spotify.com/track/2FRnf9qhLbvw8fu4IBXx78,2018-12-22,mt
3,No Te Enamores,Paloma Mami,2689,https://open.spotify.com/track/0EJu1RBtxzldMG2peczuPv,2018-12-22,mt
4,"Taki Taki (with Selena Gomez, Ozuna & Cardi B)",DJ Snake,2470,https://open.spotify.com/track/4w8niZpiMy6qz1mntFA5uM,2018-12-22,mt
5,Rockin' Around The Christmas Tree,Brenda Lee,2434,https://open.spotify.com/track/2EjXfH91m7f8HiJN1yQg97,2018-12-22,mt
6,It's Beginning to Look a Lot like Christmas,Michael Bublé,2376,https://open.spotify.com/track/0lLdorYw7lVrJydTINhWdI,2018-12-22,mt
7,Santa Tell Me,Ariana Grande,2343,https://open.spotify.com/track/0lizgQ7Qw35od7CYaoMBZb,2018-12-22,mt
8,Jingle Bell Rock,Bobby Helms,2260,https://open.spotify.com/track/7vQbuQcyTflfCIOu3Uzzya,2018-12-22,mt
9,"thank u, next",Ariana Grande,2238,https://open.spotify.com/track/2rPE9A1vEgShuZxxzR2tZH,2018-12-22,mt
10,It's the Most Wonderful Time of the Year,Andy Williams,2163,https://open.spotify.com/track/5hslUAKq9I9CG2bAulFkHN,2018-12-22,mt
11,Do They Know It's Christmas? - 1984 Version,Band Aid,2154,https://open.spotify.com/track/0247StOpd3AkeBQzANX4Zf,2018-12-22,mt
12,Sunflower - Spider-Man: Into the Spider-Verse,Post Malone,2113,https://open.spotify.com/track/3KkXRkHbMCARz0aVfEt68P,2018-12-22,mt
13,Amanece,Anuel AA,2110,https://open.spotify.com/track/1LiN0Z98FkR1t0m8KmLcAH,2018-12-22,mt
14,Without Me,Halsey,2087,https://open.spotify.com/track/5p7ujcrUXASCNwRaWNHR1C,2018-12-22,mt
15,Sweet but Psycho,Ava Max,1963,https://open.spotify.com/track/25sgk305KZfyuqVBQIahim,2018-12-22,mt
16,Adan y Eva,Paulo Londra,1859,https://open.spotify.com/track/6FyRXC8tJUh863JCkyWqtk,2018-12-22,mt
17,Happy Xmas (War Is Over) - Remastered,John Lennon,1824,https://open.spotify.com/track/3zJw3rugfpVrmBeDDnUYzy,2018-12-22,mt
18,Calma - Remix,Pedro Capó,1735,https://open.spotify.com/track/5iwz1NiezX7WWjnCgY5TH4,2018-12-22,mt
19,Wonderful Christmastime [Edited Version] - Remastered 2011 / Edited Version,Paul McCartney,1717,https://open.spotify.com/track/7Lbxvt42JsNSKVCaN63qhD,2018-12-22,mt
20,Let It Snow! Let It Snow! Let It Snow! (with The B. Swanson Quartet),Frank Sinatra,1710,https://open.spotify.com/track/7inXu0Eaeg02VsM8kHNvzM,2018-12-22,mt
21,MIA (feat. Drake),Bad Bunny,1669,https://open.spotify.com/track/116H0KvKr2Zl4RPuVBruDO,2018-12-22,mt
22,Nothing Breaks Like a Heart (feat. Miley Cyrus),Mark Ronson,1666,https://open.spotify.com/track/27rdGxbavYJeBphck5MZAF,2018-12-22,mt
23,Mistletoe,Justin Bieber,1543,https://open.spotify.com/track/7xapw9Oy21WpfEcib2ErSA,2018-12-22,mt
24,Holly Jolly Christmas,Michael Bublé,1542,https://open.spotify.com/track/6tjituizSxwSmBB5vtgHZE,2018-12-22,mt
25,Have Yourself A Merry Little Christmas,Sam Smith,1479,https://open.spotify.com/track/1Qi2wh8fFgDV7tl4Sj3f2K,2018-12-22,mt
26,Driving Home for Christmas,Chris Rea,1448,https://open.spotify.com/track/3Z3QhZAZpqwZa1phsbQ3JZ,2018-12-22,mt
27,Bohemian Rhapsody - Remastered 2011,Queen,1445,https://open.spotify.com/track/7tFiyTwD0nx5a1eklYtX2J,2018-12-22,mt
28,White Christmas,Bing Crosby,1430,https://open.spotify.com/track/4so0Wek9Ig1p6CRCHuINwW,2018-12-22,mt
29,Let It Snow! Let It Snow! Let It Snow!,Dean Martin,1424,https://open.spotify.com/track/2uFaJJtFpPDc5Pa95XzTvg,2018-12-22,mt
30,Sleigh Ride,The Ronettes,1378,https://open.spotify.com/track/5ASM6Qjiav2xPe7gRkQMsQ,2018-12-22,mt
31,Arms Around You (feat. Maluma & Swae Lee),XXXTENTACION,1343,https://open.spotify.com/track/2LskIZrCeLxRvCiGP8gxlh,2018-12-22,mt
32,Not Steady,Paloma Mami,1330,https://open.spotify.com/track/42ArfZUgGo3k5btIHp08it,2018-12-22,mt
33,Santa Claus Is Coming to Town,Michael Bublé,1309,https://open.spotify.com/track/5Ber68jZ7ytegr2UISEdb7,2018-12-22,mt
34,ZEZE,Kodak Black,1303,https://open.spotify.com/track/0FZ4Dmg8jJJAPJnvBIzD9z,2018-12-22,mt
35,Underneath the Tree,Kelly Clarkson,1283,https://open.spotify.com/track/3nAp4IvdMPPWEH9uuXFFV5,2018-12-22,mt
36,It's Beginning to Look a Lot Like Christmas (with Mitchell Ayres & His Orchestra),Perry Como,1268,https://open.spotify.com/track/2pXpURmn6zC5ZYDMms6fwa,2018-12-22,mt
37,SICKO MODE,Travis Scott,1266,https://open.spotify.com/track/2xLMifQCjDGFmkHkpNLD9h,2018-12-22,mt
38,A Holly Jolly Christmas - Single Version,Burl Ives,1256,https://open.spotify.com/track/65Q2mv3UlVi9eO70OpsmSe,2018-12-22,mt
39,Shallow,Lady Gaga,1254,https://open.spotify.com/track/2VxeLyX666F8uXCJ0dZF8B,2018-12-22,mt
40,Adictiva,Daddy Yankee,1240,https://open.spotify.com/track/6MJUCumnQsQEKbCy28tbCP,2018-12-22,mt
41,The Christmas Song (Merry Christmas To You),Nat King Cole,1215,https://open.spotify.com/track/4PS1e8f2LvuTFgUs1Cn3ON,2018-12-22,mt
42,Feliz Navidad,José Feliciano,1205,https://open.spotify.com/track/7taXf5odg9xCAZERYfyOkS,2018-12-22,mt
43,"Baby, It's Cold Outside",Brett Eldredge,1202,https://open.spotify.com/track/5Q2P43CJra0uRAogjHyJDK,2018-12-22,mt
44,Jingle Bell Rock - Daryl's Version,Daryl Hall & John Oates,1146,https://open.spotify.com/track/6pVW5LRWgeLaHudxauOTJU,2018-12-22,mt
45,Going Bad (feat. Drake),Meek Mill,1141,https://open.spotify.com/track/2IRZnDFmlqMuOrYOLnZZyc,2018-12-22,mt
46,Close To Me (with Diplo) (feat. Swae Lee),Ellie Goulding,1131,https://open.spotify.com/track/5JEx7HbmvHQQswJCsoo9rA,2018-12-22,mt
47,imagine,Ariana Grande,1117,https://open.spotify.com/track/0todbbT9g5uQGbeFCiBf2F,2018-12-22,mt
48,My Only Wish (This Year),Britney Spears,1103,https://open.spotify.com/track/1UQbxSOVbauPxaUh337GTx,2018-12-22,mt
49,Ella Quiere Beber - Remix,Anuel AA,1099,https://open.spotify.com/track/2cYnZNzFRFK0H7vSNxPsUq,2018-12-22,mt
50,Christmas (Baby Please Come Home),Mariah Carey,1094,https://open.spotify.com/track/3PIDciSFdrQxSQSihim3hN,2018-12-22,mt
51,Merry Christmas Everyone - Remastered,Shakin' Stevens,1085,https://open.spotify.com/track/2ISl1zekPsc26sUQpVt8UB,2018-12-22,mt
52,Mo Bamba,Sheck Wes,1075,https://open.spotify.com/track/1xzBco0xcoJEDXktl7Jxrr,2018-12-22,mt
53,Happier,Marshmello,1071,https://open.spotify.com/track/2dpaYNEQHiRxtZbfNsse99,2018-12-22,mt
54,Saturday Nights,Khalid,1018,https://open.spotify.com/track/5kfNriitmkNE8mUbZ7gbq8,2018-12-22,mt
55,Christmas Lights,Coldplay,1008,https://open.spotify.com/track/4fzyvSu73BhGvi96p2zwjL,2018-12-22,mt
Position,Track Name,Artist,Streams,URL,2018-12-24,mt
1,All I Want for Christmas Is You,Mariah Carey,5896,https://open.spotify.com/track/0bYg9bo50gSsH3LtXe2SQn,2018-12-24,mt
2,Last Christmas,Wham!,5281,https://open.spotify.com/track/2FRnf9qhLbvw8fu4IBXx78,2018-12-24,mt
3,Jingle Bell Rock,Bobby Helms,4569,https://open.spotify.com/track/7vQbuQcyTflfCIOu3Uzzya,2018-12-24,mt
4,Rockin' Around The Christmas Tree,Brenda Lee,4560,https://open.spotify.com/track/2EjXfH91m7f8HiJN1yQg97,2018-12-24,mt
5,It's Beginning to Look a Lot like Christmas,Michael Bublé,4521,https://open.spotify.com/track/0lLdorYw7lVrJydTINhWdI,2018-12-24,mt
6,Santa Tell Me,Ariana Grande,4325,https://open.spotify.com/track/0lizgQ7Qw35od7CYaoMBZb,2018-12-24,mt
7,It's the Most Wonderful Time of the Year,Andy Williams,4263,https://open.spotify.com/track/5hslUAKq9I9CG2bAulFkHN,2018-12-24,mt
8,Do They Know It's Christmas? - 1984 Version,Band Aid,3714,https://open.spotify.com/track/0247StOpd3AkeBQzANX4Zf,2018-12-24,mt
9,Wonderful Christmastime [Edited Version] - Remastered 2011 / Edited Version,Paul McCartney,3435,https://open.spotify.com/track/7Lbxvt42JsNSKVCaN63qhD,2018-12-24,mt
10,Happy Xmas (War Is Over) - Remastered,John Lennon,3145,https://open.spotify.com/track/3zJw3rugfpVrmBeDDnUYzy,2018-12-24,mt
11,Let It Snow! Let It Snow! Let It Snow!,Dean Martin,2961,https://open.spotify.com/track/2uFaJJtFpPDc5Pa95XzTvg,2018-12-24,mt
12,Let It Snow! Let It Snow! Let It Snow! (with The B. Swanson Quartet),Frank Sinatra,2916,https://open.spotify.com/track/7inXu0Eaeg02VsM8kHNvzM,2018-12-24,mt
13,Mistletoe,Justin Bieber,2765,https://open.spotify.com/track/7xapw9Oy21WpfEcib2ErSA,2018-12-24,mt
14,Sleigh Ride,The Ronettes,2730,https://open.spotify.com/track/5ASM6Qjiav2xPe7gRkQMsQ,2018-12-24,mt
15,Santa Claus Is Coming to Town,Michael Bublé,2618,https://open.spotify.com/track/5Ber68jZ7ytegr2UISEdb7,2018-12-24,mt
16,Have Yourself A Merry Little Christmas,Sam Smith,2607,https://open.spotify.com/track/1Qi2wh8fFgDV7tl4Sj3f2K,2018-12-24,mt
17,Holly Jolly Christmas,Michael Bublé,2603,https://open.spotify.com/track/6tjituizSxwSmBB5vtgHZE,2018-12-24,mt
18,White Christmas,Bing Crosby,2572,https://open.spotify.com/track/4so0Wek9Ig1p6CRCHuINwW,2018-12-24,mt
19,Underneath the Tree,Kelly Clarkson,2572,https://open.spotify.com/track/3nAp4IvdMPPWEH9uuXFFV5,2018-12-24,mt
20,No Te Enamores,Paloma Mami,2548,https://open.spotify.com/track/0EJu1RBtxzldMG2peczuPv,2018-12-24,mt
21,"Baby, It's Cold Outside",Brett Eldredge,2500,https://open.spotify.com/track/5Q2P43CJra0uRAogjHyJDK,2018-12-24,mt
22,A Holly Jolly Christmas - Single Version,Burl Ives,2460,https://open.spotify.com/track/65Q2mv3UlVi9eO70OpsmSe,2018-12-24,mt
23,It's Beginning to Look a Lot Like Christmas (with Mitchell Ayres & His Orchestra),Perry Como,2428,https://open.spotify.com/track/2pXpURmn6zC5ZYDMms6fwa,2018-12-24,mt
24,Driving Home for Christmas,Chris Rea,2413,https://open.spotify.com/track/3Z3QhZAZpqwZa1phsbQ3JZ,2018-12-24,mt
25,The Christmas Song (Merry Christmas To You),Nat King Cole,2351,https://open.spotify.com/track/4PS1e8f2LvuTFgUs1Cn3ON,2018-12-24,mt
26,Christmas (Baby Please Come Home),Mariah Carey,2348,https://open.spotify.com/track/3PIDciSFdrQxSQSihim3hN,2018-12-24,mt
27,Feliz Navidad,José Feliciano,2339,https://open.spotify.com/track/7taXf5odg9xCAZERYfyOkS,2018-12-24,mt
28,Jingle Bell Rock - Daryl's Version,Daryl Hall & John Oates,2222,https://open.spotify.com/track/6pVW5LRWgeLaHudxauOTJU,2018-12-24,mt
29,Merry Christmas Everyone - Remastered,Shakin' Stevens,2105,https://open.spotify.com/track/2ISl1zekPsc26sUQpVt8UB,2018-12-24,mt
30,"thank u, next",Ariana Grande,2077,https://open.spotify.com/track/2rPE9A1vEgShuZxxzR2tZH,2018-12-24,mt
31,"Taki Taki (with Selena Gomez, Ozuna & Cardi B)",DJ Snake,2057,https://open.spotify.com/track/4w8niZpiMy6qz1mntFA5uM,2018-12-24,mt
32,Amanece,Anuel AA,2019,https://open.spotify.com/track/1LiN0Z98FkR1t0m8KmLcAH,2018-12-24,mt
33,My Only Wish (This Year),Britney Spears,1949,https://open.spotify.com/track/1UQbxSOVbauPxaUh337GTx,2018-12-24,mt
34,Winter Wonderland,Tony Bennett,1935,https://open.spotify.com/track/4ricyQVd20UQde1jpXCSuJ,2018-12-24,mt
35,Without Me,Halsey,1888,https://open.spotify.com/track/5p7ujcrUXASCNwRaWNHR1C,2018-12-24,mt
36,Santa Baby,Ariana Grande,1881,https://open.spotify.com/track/6YJdPrH3i2POzu7hdHIRrb,2018-12-24,mt
37,Sweet but Psycho,Ava Max,1838,https://open.spotify.com/track/25sgk305KZfyuqVBQIahim,2018-12-24,mt
38,MIA (feat. Drake),Bad Bunny,1794,https://open.spotify.com/track/116H0KvKr2Zl4RPuVBruDO,2018-12-24,mt
39,Adan y Eva,Paulo Londra,1787,https://open.spotify.com/track/6FyRXC8tJUh863JCkyWqtk,2018-12-24,mt
40,Christmas Lights,Coldplay,1768,https://open.spotify.com/track/4fzyvSu73BhGvi96p2zwjL,2018-12-24,mt
41,Santa Baby,Kylie Minogue,1762,https://open.spotify.com/track/2SBr3MK1sdMs8IxdRcN6qz,2018-12-24,mt
42,Sunflower - Spider-Man: Into the Spider-Verse,Post Malone,1762,https://open.spotify.com/track/3KkXRkHbMCARz0aVfEt68P,2018-12-24,mt
43,Calma - Remix,Pedro Capó,1742,https://open.spotify.com/track/5iwz1NiezX7WWjnCgY5TH4,2018-12-24,mt
44,"Santa Claus Is Comin' to Town - Live at C.W. Post College, Greenvale, NY - December 1975",Bruce Springsteen,1671,https://open.spotify.com/track/6s2wpWPFPAgKg2LXxi1Oee,2018-12-24,mt
45,Blue Christmas,Elvis Presley,1624,https://open.spotify.com/track/3QiAAp20rPC3dcAtKtMaqQ,2018-12-24,mt
46,Wow.,Post Malone,1601,https://open.spotify.com/track/6MWtB6iiXyIwun0YzU6DFP,2018-12-24,mt
47,Bohemian Rhapsody - Remastered 2011,Queen,1485,https://open.spotify.com/track/7tFiyTwD0nx5a1eklYtX2J,2018-12-24,mt
48,Rudolph The Red-Nosed Reindeer,Dean Martin,1462,https://open.spotify.com/track/2L9QLAhrvtP4EYg1lY0Tnw,2018-12-24,mt
49,Nothing Breaks Like a Heart (feat. Miley Cyrus),Mark Ronson,1457,https://open.spotify.com/track/27rdGxbavYJeBphck5MZAF,2018-12-24,mt
50,Santa Claus Is Coming To Town,The Jackson 5,1450,https://open.spotify.com/track/4rMWDm28mERZcRPc1f3yir,2018-12-24,mt
51,Fairytale of New York (feat. Kirsty MacColl),The Pogues,1450,https://open.spotify.com/track/3VTNVsTTu05dmTsVFrmGpK,2018-12-24,mt
52,Run Rudolph Run - Single Version,Chuck Berry,1414,https://open.spotify.com/track/2pnPe4pJtq7689i5ydzvJJ,2018-12-24,mt
53,One More Sleep,Leona Lewis,1407,https://open.spotify.com/track/78pn8k7RogKo2oxl0DyX6d,2018-12-24,mt
54,I'll Be Home,Meghan Trainor,1407,https://open.spotify.com/track/1hy6kKvsPbv7VTcllCuATC,2018-12-24,mt
55,I'll Be Home for Christmas,Michael Bublé,1388,https://open.spotify.com/track/0tXPhc8LvM4dPvoRwI66XQ,2018-12-24,mt
56,Step Into Christmas,Elton John,1383,https://open.spotify.com/track/11P4sSu6BH2lAbWk1sL6cK,2018-12-24,mt
57,Solo de Mi,Bad Bunny,1381,https://open.spotify.com/track/4uP3pUP18ennmz0tb3GphR,2018-12-24,mt
58,What Christmas Means To Me,Stevie Wonder,1360,https://open.spotify.com/track/3h1EREJfCwyv6cG7CGak5d,2018-12-24,mt
59,Christmas (Baby Please Come Home),Darlene Love,1350,https://open.spotify.com/track/6bNuwzORFWORu9Ym7dBCPl,2018-12-24,mt
60,Thank God It's Christmas - 2011 Remaster,Queen,1323,https://open.spotify.com/track/3AymrUApW5JKKaNrHQhcBG,2018-12-24,mt
61,Not Steady,Paloma Mami,1312,https://open.spotify.com/track/42ArfZUgGo3k5btIHp08it,2018-12-24,mt
62,Arms Around You (feat. Maluma & Swae Lee),XXXTENTACION,1299,https://open.spotify.com/track/2LskIZrCeLxRvCiGP8gxlh,2018-12-24,mt
63,Shallow,Lady Gaga,1212,https://open.spotify.com/track/2VxeLyX666F8uXCJ0dZF8B,2018-12-24,mt
64,SICKO MODE,Travis Scott,1200,https://open.spotify.com/track/2xLMifQCjDGFmkHkpNLD9h,2018-12-24,mt
65,Happy Xmas (War Is Over),Céline Dion,1185,https://open.spotify.com/track/1wur1SW656paPv7EyTqWu4,2018-12-24,mt
66,Have Yourself a Merry Little Christmas,Christina Aguilera,1166,https://open.spotify.com/track/0iV9yfj1knFNOSEiuTHZwl,2018-12-24,mt
67,ZEZE,Kodak Black,1164,https://open.spotify.com/track/0FZ4Dmg8jJJAPJnvBIzD9z,2018-12-24,mt
68,"Baby, It's Cold Outside",Dean Martin,1157,https://open.spotify.com/track/4MrfQL4TYQXJBlZYpAHTuE,2018-12-24,mt
69,You Make It Feel Like Christmas (feat. Blake Shelton),Gwen Stefani,1156,https://open.spotify.com/track/2OQ6a4CfUeYskpTTgyawyJ,2018-12-24,mt
70,Joy To The World,Nat King Cole,1139,https://open.spotify.com/track/1VuAamHM7P3VQQEXYGG3Uu,2018-12-24,mt
71,I Saw Mommy Kissing Santa Claus,The Jackson 5,1133,https://open.spotify.com/track/0vmANNClszGQZ0FISySK61,2018-12-24,mt
72,Adictiva,Daddy Yankee,1128,https://open.spotify.com/track/6MJUCumnQsQEKbCy28tbCP,2018-12-24,mt
73,Santa's Coming For Us,Sia,1126,https://open.spotify.com/track/3AlpkljBS1AU7HFVPms8K6,2018-12-24,mt
74,Sleigh Ride,Ella Fitzgerald,1106,https://open.spotify.com/track/79a2ejVzj2SpXkpWdfv1Co,2018-12-24,mt
75,Mistletoe And Holly - Remastered 1999,Frank Sinatra,1098,https://open.spotify.com/track/7faDzZnZYqTyYThx2sbHVQ,2018-12-24,mt
76,Do You Hear What I Hear?,Bing Crosby,1091,https://open.spotify.com/track/4EZUcj7c8n9pWIwHqN0DoH,2018-12-24,mt
77,This Christmas,Donny Hathaway,1074,https://open.spotify.com/track/7MSYSOobsombc1mbDWFxtD,2018-12-24,mt
78,Jingle Bells - Remastered 1999,Frank Sinatra,1062,https://open.spotify.com/track/4HEOgBHRCExyYVeTyrXsnL,2018-12-24,mt
79,Mo Bamba,Sheck Wes,1053,https://open.spotify.com/track/1xzBco0xcoJEDXktl7Jxrr,2018-12-24,mt
80,imagine,Ariana Grande,1044,https://open.spotify.com/track/0todbbT9g5uQGbeFCiBf2F,2018-12-24,mt
81,Going Bad (feat. Drake),Meek Mill,1038,https://open.spotify.com/track/2IRZnDFmlqMuOrYOLnZZyc,2018-12-24,mt
82,Christmas Time Is Here - Recorded at Sound Emporium Nashville,Devin Dawson,1031,https://open.spotify.com/track/1dinW5tLGDdPhxtW8vMkUn,2018-12-24,mt
83,Close To Me (with Diplo) (feat. Swae Lee),Ellie Goulding,1023,https://open.spotify.com/track/5JEx7HbmvHQQswJCsoo9rA,2018-12-24,mt
84,White Christmas (with Shania Twain),Michael Bublé,1009,https://open.spotify.com/track/2gbCG4Rt9984UZ7Tc0dIFd,2018-12-24,mt
85,Shake Up Christmas,Train,1007,https://open.spotify.com/track/1NghHeg0wE32eBYrQBVQXL,2018-12-24,mt
86,"Merry Christmas, Happy Holidays",*NSYNC,1002,https://open.spotify.com/track/15coTBAzEN1bOeipoNDZAR,2018-12-24,mt
87,Last Christmas,Ariana Grande,1001,https://open.spotify.com/track/5xDrO9DEDJGUQGfyoHvgDJ,2018-12-24,mt
Position,Track Name,Artist,Streams,URL,2018-12-25,mt
1,All I Want for Christmas Is You,Mariah Carey,4619,https://open.spotify.com/track/0bYg9bo50gSsH3LtXe2SQn,2018-12-25,mt
2,Rockin' Around The Christmas Tree,Brenda Lee,4250,https://open.spotify.com/track/2EjXfH91m7f8HiJN1yQg97,2018-12-25,mt
3,Jingle Bell Rock,Bobby Helms,4198,https://open.spotify.com/track/7vQbuQcyTflfCIOu3Uzzya,2018-12-25,mt
4,Last Christmas,Wham!,4019,https://open.spotify.com/track/2FRnf9qhLbvw8fu4IBXx78,2018-12-25,mt
5,It's Beginning to Look a Lot like Christmas,Michael Bublé,3973,https://open.spotify.com/track/0lLdorYw7lVrJydTINhWdI,2018-12-25,mt
6,It's the Most Wonderful Time of the Year,Andy Williams,3927,https://open.spotify.com/track/5hslUAKq9I9CG2bAulFkHN,2018-12-25,mt
7,Do They Know It's Christmas? - 1984 Version,Band Aid,3598,https://open.spotify.com/track/0247StOpd3AkeBQzANX4Zf,2018-12-25,mt
8,Santa Tell Me,Ariana Grande,3453,https://open.spotify.com/track/0lizgQ7Qw35od7CYaoMBZb,2018-12-25,mt
9,Wonderful Christmastime [Edited Version] - Remastered 2011 / Edited Version,Paul McCartney,3144,https://open.spotify.com/track/7Lbxvt42JsNSKVCaN63qhD,2018-12-25,mt
10,Let It Snow! Let It Snow! Let It Snow! (with The B. Swanson Quartet),Frank Sinatra,2843,https://open.spotify.com/track/7inXu0Eaeg02VsM8kHNvzM,2018-12-25,mt
11,Happy Xmas (War Is Over) - Remastered,John Lennon,2738,https://open.spotify.com/track/3zJw3rugfpVrmBeDDnUYzy,2018-12-25,mt
12,White Christmas,Bing Crosby,2644,https://open.spotify.com/track/4so0Wek9Ig1p6CRCHuINwW,2018-12-25,mt
13,A Holly Jolly Christmas - Single Version,Burl Ives,2488,https://open.spotify.com/track/65Q2mv3UlVi9eO70OpsmSe,2018-12-25,mt
14,It's Beginning to Look a Lot Like Christmas (with Mitchell Ayres & His Orchestra),Perry Como,2474,https://open.spotify.com/track/2pXpURmn6zC5ZYDMms6fwa,2018-12-25,mt
15,Let It Snow! Let It Snow! Let It Snow!,Dean Martin,2441,https://open.spotify.com/track/2uFaJJtFpPDc5Pa95XzTvg,2018-12-25,mt
16,The Christmas Song (Merry Christmas To You),Nat King Cole,2428,https://open.spotify.com/track/4PS1e8f2LvuTFgUs1Cn3ON,2018-12-25,mt
17,Santa Claus Is Coming to Town,Michael Bublé,2393,https://open.spotify.com/track/5Ber68jZ7ytegr2UISEdb7,2018-12-25,mt
18,Sleigh Ride,The Ronettes,2346,https://open.spotify.com/track/5ASM6Qjiav2xPe7gRkQMsQ,2018-12-25,mt
19,Feliz Navidad,José Feliciano,2271,https://open.spotify.com/track/7taXf5odg9xCAZERYfyOkS,2018-12-25,mt
20,Mistletoe,Justin Bieber,2248,https://open.spotify.com/track/7xapw9Oy21WpfEcib2ErSA,2018-12-25,mt
21,Holly Jolly Christmas,Michael Bublé,2230,https://open.spotify.com/track/6tjituizSxwSmBB5vtgHZE,2018-12-25,mt
22,Driving Home for Christmas,Chris Rea,2171,https://open.spotify.com/track/3Z3QhZAZpqwZa1phsbQ3JZ,2018-12-25,mt
23,Underneath the Tree,Kelly Clarkson,2139,https://open.spotify.com/track/3nAp4IvdMPPWEH9uuXFFV5,2018-12-25,mt
24,Have Yourself A Merry Little Christmas,Sam Smith,2059,https://open.spotify.com/track/1Qi2wh8fFgDV7tl4Sj3f2K,2018-12-25,mt
25,"Baby, It's Cold Outside",Brett Eldredge,2014,https://open.spotify.com/track/5Q2P43CJra0uRAogjHyJDK,2018-12-25,mt
26,Christmas (Baby Please Come Home),Mariah Carey,1941,https://open.spotify.com/track/3PIDciSFdrQxSQSihim3hN,2018-12-25,mt
27,Jingle Bell Rock - Daryl's Version,Daryl Hall & John Oates,1885,https://open.spotify.com/track/6pVW5LRWgeLaHudxauOTJU,2018-12-25,mt
28,Merry Christmas Everyone - Remastered,Shakin' Stevens,1828,https://open.spotify.com/track/2ISl1zekPsc26sUQpVt8UB,2018-12-25,mt
29,Blue Christmas,Elvis Presley,1807,https://open.spotify.com/track/3QiAAp20rPC3dcAtKtMaqQ,2018-12-25,mt
30,Winter Wonderland,Tony Bennett,1797,https://open.spotify.com/track/4ricyQVd20UQde1jpXCSuJ,2018-12-25,mt
31,No Te Enamores,Paloma Mami,1658,https://open.spotify.com/track/0EJu1RBtxzldMG2peczuPv,2018-12-25,mt
32,Santa Baby,Ariana Grande,1643,https://open.spotify.com/track/6YJdPrH3i2POzu7hdHIRrb,2018-12-25,mt
33,Christmas Lights,Coldplay,1627,https://open.spotify.com/track/4fzyvSu73BhGvi96p2zwjL,2018-12-25,mt
34,"Taki Taki (with Selena Gomez, Ozuna & Cardi B)",DJ Snake,1533,https://open.spotify.com/track/4w8niZpiMy6qz1mntFA5uM,2018-12-25,mt
35,My Only Wish (This Year),Britney Spears,1525,https://open.spotify.com/track/1UQbxSOVbauPxaUh337GTx,2018-12-25,mt
36,"Santa Claus Is Comin' to Town - Live at C.W. Post College, Greenvale, NY - December 1975",Bruce Springsteen,1513,https://open.spotify.com/track/6s2wpWPFPAgKg2LXxi1Oee,2018-12-25,mt
37,Amanece,Anuel AA,1486,https://open.spotify.com/track/1LiN0Z98FkR1t0m8KmLcAH,2018-12-25,mt
38,Fairytale of New York (feat. Kirsty MacColl),The Pogues,1469,https://open.spotify.com/track/3VTNVsTTu05dmTsVFrmGpK,2018-12-25,mt
39,Calma - Remix,Pedro Capó,1467,https://open.spotify.com/track/5iwz1NiezX7WWjnCgY5TH4,2018-12-25,mt
40,Santa Baby,Kylie Minogue,1421,https://open.spotify.com/track/2SBr3MK1sdMs8IxdRcN6qz,2018-12-25,mt
41,Run Rudolph Run - Single Version,Chuck Berry,1412,https://open.spotify.com/track/2pnPe4pJtq7689i5ydzvJJ,2018-12-25,mt
42,"thank u, next",Ariana Grande,1385,https://open.spotify.com/track/2rPE9A1vEgShuZxxzR2tZH,2018-12-25,mt
43,I'll Be Home for Christmas,Michael Bublé,1362,https://open.spotify.com/track/0tXPhc8LvM4dPvoRwI66XQ,2018-12-25,mt
44,Adan y Eva,Paulo Londra,1360,https://open.spotify.com/track/6FyRXC8tJUh863JCkyWqtk,2018-12-25,mt
45,Wow.,Post Malone,1359,https://open.spotify.com/track/6MWtB6iiXyIwun0YzU6DFP,2018-12-25,mt
46,Rudolph The Red-Nosed Reindeer,Dean Martin,1357,https://open.spotify.com/track/2L9QLAhrvtP4EYg1lY0Tnw,2018-12-25,mt
47,Christmas (Baby Please Come Home),Darlene Love,1334,https://open.spotify.com/track/6bNuwzORFWORu9Ym7dBCPl,2018-12-25,mt
48,Without Me,Halsey,1305,https://open.spotify.com/track/5p7ujcrUXASCNwRaWNHR1C,2018-12-25,mt
49,Santa Baby (with Henri René & His Orchestra),Eartha Kitt,1296,https://open.spotify.com/track/1foCxQtxBweJtZmdxhEHVO,2018-12-25,mt
50,Sweet but Psycho,Ava Max,1275,https://open.spotify.com/track/25sgk305KZfyuqVBQIahim,2018-12-25,mt
51,Sunflower - Spider-Man: Into the Spider-Verse,Post Malone,1263,https://open.spotify.com/track/3KkXRkHbMCARz0aVfEt68P,2018-12-25,mt
52,Santa Claus Is Coming To Town,The Jackson 5,1256,https://open.spotify.com/track/4rMWDm28mERZcRPc1f3yir,2018-12-25,mt
53,Step Into Christmas,Elton John,1250,https://open.spotify.com/track/11P4sSu6BH2lAbWk1sL6cK,2018-12-25,mt
54,Joy To The World,Nat King Cole,1233,https://open.spotify.com/track/1VuAamHM7P3VQQEXYGG3Uu,2018-12-25,mt
55,MIA (feat. Drake),Bad Bunny,1233,https://open.spotify.com/track/116H0KvKr2Zl4RPuVBruDO,2018-12-25,mt
56,Mistletoe And Holly - Remastered 1999,Frank Sinatra,1224,https://open.spotify.com/track/7faDzZnZYqTyYThx2sbHVQ,2018-12-25,mt
57,What Christmas Means To Me,Stevie Wonder,1224,https://open.spotify.com/track/3h1EREJfCwyv6cG7CGak5d,2018-12-25,mt
58,"Baby, It's Cold Outside",Dean Martin,1202,https://open.spotify.com/track/4MrfQL4TYQXJBlZYpAHTuE,2018-12-25,mt
59,Carol of the Bells,Mykola Dmytrovych Leontovych,1196,https://open.spotify.com/track/4tHqQMWSqmL6YjXwsqthDI,2018-12-25,mt
60,Bohemian Rhapsody - Remastered 2011,Queen,1194,https://open.spotify.com/track/7tFiyTwD0nx5a1eklYtX2J,2018-12-25,mt
61,Do You Hear What I Hear?,Bing Crosby,1186,https://open.spotify.com/track/4EZUcj7c8n9pWIwHqN0DoH,2018-12-25,mt
62,Winter Wonderland,Bing Crosby,1171,https://open.spotify.com/track/5VEuraNSVxMTzDTtrmL3lQ,2018-12-25,mt
63,Thank God It's Christmas - Non-Album Single,Queen,1121,https://open.spotify.com/track/2xGO2UjzxeVQSIkyg98vck,2018-12-25,mt
64,One More Sleep,Leona Lewis,1065,https://open.spotify.com/track/78pn8k7RogKo2oxl0DyX6d,2018-12-25,mt
65,Sleigh Ride,Ella Fitzgerald,1062,https://open.spotify.com/track/79a2ejVzj2SpXkpWdfv1Co,2018-12-25,mt
66,Have Yourself a Merry Little Christmas,Christina Aguilera,1043,https://open.spotify.com/track/0iV9yfj1knFNOSEiuTHZwl,2018-12-25,mt
67,I'll Be Home,Meghan Trainor,1024,https://open.spotify.com/track/1hy6kKvsPbv7VTcllCuATC,2018-12-25,mt
68,Happy Xmas (War Is Over),Céline Dion,1024,https://open.spotify.com/track/1wur1SW656paPv7EyTqWu4,2018-12-25,mt
69,I Saw Mommy Kissing Santa Claus,The Jackson 5,1023,https://open.spotify.com/track/0vmANNClszGQZ0FISySK61,2018-12-25,mt
70,Sleigh Ride,Carpenters,1003,https://open.spotify.com/track/597IVBYr60vm0HKjgOnztJ,2018-12-25,mt
Position,Track Name,Artist,Streams,URL,2019-02-08,mt
1,7 rings,Ariana Grande,5515,https://open.spotify.com/track/6ocbgoVGwYJhOv1GgI9NsF,2019-02-08,mt
2,"break up with your girlfriend, i'm bored",Ariana Grande,4243,https://open.spotify.com/track/4kV4N9D1iKVxx1KLvtTpjS,2019-02-08,mt
3,Secreto,Anuel AA,2770,https://open.spotify.com/track/5W83ErFkO3aKAIS1WMi6u0,2019-02-08,mt
4,bury a friend,Billie Eilish,2628,https://open.spotify.com/track/4NzMOnvSJVNKF7nw5NkXIP,2019-02-08,mt
5,Wow.,Post Malone,2611,https://open.spotify.com/track/6MWtB6iiXyIwun0YzU6DFP,2019-02-08,mt
6,Con Calma,Daddy Yankee,2494,https://open.spotify.com/track/5w9c2J52mkdntKOmRLeM2m,2019-02-08,mt
7,Shallow,Lady Gaga,2483,https://open.spotify.com/track/2VxeLyX666F8uXCJ0dZF8B,2019-02-08,mt
8,bad idea,Ariana Grande,2294,https://open.spotify.com/track/7EQpvVujgytLVY8vKiDHAg,2019-02-08,mt
9,Dancing With A Stranger (with Normani),Sam Smith,2279,https://open.spotify.com/track/6Qs4SXO9dwPj5GKvVOv8Ki,2019-02-08,mt
10,"thank u, next",Ariana Grande,2270,https://open.spotify.com/track/3e9HZxeyfWwjeyPAMmWSSQ,2019-02-08,mt
11,Calma - Remix,Pedro Capó,2199,https://open.spotify.com/track/5iwz1NiezX7WWjnCgY5TH4,2019-02-08,mt
12,Without Me,Halsey,2082,https://open.spotify.com/track/5p7ujcrUXASCNwRaWNHR1C,2019-02-08,mt
13,Sweet but Psycho,Ava Max,2070,https://open.spotify.com/track/25sgk305KZfyuqVBQIahim,2019-02-08,mt
14,Amanece,Anuel AA,2051,https://open.spotify.com/track/1LiN0Z98FkR1t0m8KmLcAH,2019-02-08,mt
15,MIA (feat. Drake),Bad Bunny,1977,https://open.spotify.com/track/116H0KvKr2Zl4RPuVBruDO,2019-02-08,mt
16,bloodline,Ariana Grande,1931,https://open.spotify.com/track/2hloaUoRonYssMuqLCBLTX,2019-02-08,mt
17,needy,Ariana Grande,1928,https://open.spotify.com/track/1TEL6MlSSVLSdhOSddidlJ,2019-02-08,mt
18,Sunflower - Spider-Man: Into the Spider-Verse,Post Malone,1918,https://open.spotify.com/track/3KkXRkHbMCARz0aVfEt68P,2019-02-08,mt
19,Giant (with Rag'n'Bone Man),Calvin Harris,1899,https://open.spotify.com/track/5itOtNx0WxtJmi1TQ3RuRd,2019-02-08,mt
20,Adan y Eva,Paulo Londra,1881,https://open.spotify.com/track/6FyRXC8tJUh863JCkyWqtk,2019-02-08,mt
21,NASA,Ariana Grande,1817,https://open.spotify.com/track/4SPu0Ql902hTVXkBoNIYtq,2019-02-08,mt
22,Baila Baila Baila,Ozuna,1699,https://open.spotify.com/track/7uH27oIt4a6cIFCA8ZPcyG,2019-02-08,mt
23,fake smile,Ariana Grande,1679,https://open.spotify.com/track/3wFLWP0FcIqHK1wb1CPthQ,2019-02-08,mt
24,MIDDLE CHILD,J. Cole,1679,https://open.spotify.com/track/2JvzF1RMd7lE3KmFlsyZD8,2019-02-08,mt
25,"Taki Taki (with Selena Gomez, Ozuna & Cardi B)",DJ Snake,1649,https://open.spotify.com/track/4w8niZpiMy6qz1mntFA5uM,2019-02-08,mt
26,Who Do You Love,The Chainsmokers,1613,https://open.spotify.com/track/11cDEev79fPKi6uJCjUhu8,2019-02-08,mt
27,Nothing Breaks Like a Heart (feat. Miley Cyrus),Mark Ronson,1576,https://open.spotify.com/track/27rdGxbavYJeBphck5MZAF,2019-02-08,mt
28,ghostin,Ariana Grande,1550,https://open.spotify.com/track/4lD7gHKF1e8Y9stQuVezZB,2019-02-08,mt
29,imagine,Ariana Grande,1506,https://open.spotify.com/track/39LmTF9RgyakzSYX8txrow,2019-02-08,mt
30,i'm so tired...,Lauv,1484,https://open.spotify.com/track/7COXchtUOMd6uIT6HvmRaI,2019-02-08,mt
31,No Te Enamores,Paloma Mami,1444,https://open.spotify.com/track/0EJu1RBtxzldMG2peczuPv,2019-02-08,mt
32,Talk,Khalid,1422,https://open.spotify.com/track/0rTV5WefWd1J3OwIheTzxM,2019-02-08,mt
33,a lot,21 Savage,1420,https://open.spotify.com/track/2t8yVaLvJ0RenpXUIAC52d,2019-02-08,mt
34,Don't Call Me Up,Mabel,1415,https://open.spotify.com/track/5WHTFyqSii0lmT9R21abT8,2019-02-08,mt
35,Look Back at It,A Boogie Wit da Hoodie,1402,https://open.spotify.com/track/3Ol2xnObFdKV9pmRD2t9x8,2019-02-08,mt
36,Happier,Marshmello,1376,https://open.spotify.com/track/2dpaYNEQHiRxtZbfNsse99,2019-02-08,mt
37,make up,Ariana Grande,1361,https://open.spotify.com/track/27356GVuMPFWiJSZCragoM,2019-02-08,mt
38,in my head,Ariana Grande,1359,https://open.spotify.com/track/4T652DlATVHe0jdLKaN3Bw,2019-02-08,mt
39,Adictiva,Daddy Yankee,1322,https://open.spotify.com/track/6MJUCumnQsQEKbCy28tbCP,2019-02-08,mt
40,Ella Quiere Beber - Remix,Anuel AA,1322,https://open.spotify.com/track/2cYnZNzFRFK0H7vSNxPsUq,2019-02-08,mt
41,Desconocidos,Mau y Ricky,1312,https://open.spotify.com/track/0s5DNDV6LAKn2u2Ufa3VjQ,2019-02-08,mt
42,Bohemian Rhapsody - Remastered 2011,Queen,1297,https://open.spotify.com/track/7tFiyTwD0nx5a1eklYtX2J,2019-02-08,mt
43,Sigue Bailandome,Yannc,1280,https://open.spotify.com/track/0GmiGIxXDNrePrHBpijYDp,2019-02-08,mt
44,Close To Me (with Diplo) (feat. Swae Lee),Ellie Goulding,1205,https://open.spotify.com/track/5JEx7HbmvHQQswJCsoo9rA,2019-02-08,mt
45,High Hopes,Panic! At The Disco,1185,https://open.spotify.com/track/1rqqCSm0Qe4I9rUvWncaom,2019-02-08,mt
46,Let Me Down Slowly,Alec Benjamin,1150,https://open.spotify.com/track/2qxmye6gAegTMjLKEBoR3d,2019-02-08,mt
47,Hope,The Chainsmokers,1148,https://open.spotify.com/track/4BiiOzZCrXEzHRLYcYFiD5,2019-02-08,mt
48,Going Bad (feat. Drake),Meek Mill,1129,https://open.spotify.com/track/2IRZnDFmlqMuOrYOLnZZyc,2019-02-08,mt
49,Nights Like This (feat. Ty Dolla $ign),Kehlani,1099,https://open.spotify.com/track/7e4KQkp5ZR1gXCAalRjX6B,2019-02-08,mt
50,when the party's over,Billie Eilish,1083,https://open.spotify.com/track/14JzyD6FlBD5z0wV5P07YI,2019-02-08,mt
51,SICKO MODE,Travis Scott,1045,https://open.spotify.com/track/2xLMifQCjDGFmkHkpNLD9h,2019-02-08,mt
52,Lost in the Fire,Gesaffelstein,1035,https://open.spotify.com/track/7wFybC8jBH3zE139OpCtpG,2019-02-08,mt
Position,Track Name,Artist,Streams,URL,2019-03-08,mt
1,Sucker,Jonas Brothers,3560,https://open.spotify.com/track/4y3OI86AEP6PQoDE6olYhO,2019-03-08,mt
2,Con Calma,Daddy Yankee,3026,https://open.spotify.com/track/5w9c2J52mkdntKOmRLeM2m,2019-03-08,mt
3,Shallow,Lady Gaga,2875,https://open.spotify.com/track/2VxeLyX666F8uXCJ0dZF8B,2019-03-08,mt
4,7 rings,Ariana Grande,2742,https://open.spotify.com/track/6ocbgoVGwYJhOv1GgI9NsF,2019-03-08,mt
5,"break up with your girlfriend, i'm bored",Ariana Grande,2556,https://open.spotify.com/track/4kV4N9D1iKVxx1KLvtTpjS,2019-03-08,mt
6,Secreto,Anuel AA,2378,https://open.spotify.com/track/5W83ErFkO3aKAIS1WMi6u0,2019-03-08,mt
7,Wow.,Post Malone,2365,https://open.spotify.com/track/6MWtB6iiXyIwun0YzU6DFP,2019-03-08,mt
8,Giant (with Rag'n'Bone Man),Calvin Harris,2293,https://open.spotify.com/track/5itOtNx0WxtJmi1TQ3RuRd,2019-03-08,mt
9,Dancing With A Stranger (with Normani),Sam Smith,2098,https://open.spotify.com/track/6Qs4SXO9dwPj5GKvVOv8Ki,2019-03-08,mt
10,wish you were gay,Billie Eilish,2077,https://open.spotify.com/track/4txc3txsIt81diMzGhrVPS,2019-03-08,mt
11,Don't Call Me Up,Mabel,2028,https://open.spotify.com/track/5WHTFyqSii0lmT9R21abT8,2019-03-08,mt
12,Baila Baila Baila,Ozuna,1996,https://open.spotify.com/track/7uH27oIt4a6cIFCA8ZPcyG,2019-03-08,mt
13,Amanece,Anuel AA,1820,https://open.spotify.com/track/1LiN0Z98FkR1t0m8KmLcAH,2019-03-08,mt
14,"I Can’t Get Enough (benny blanco, Selena Gomez, J Balvin, Tainy)",benny blanco,1759,https://open.spotify.com/track/1WSGTYKLEpKfNQYYW5Oymt,2019-03-08,mt
15,Calma - Remix,Pedro Capó,1721,https://open.spotify.com/track/5iwz1NiezX7WWjnCgY5TH4,2019-03-08,mt
16,Sweet but Psycho,Ava Max,1676,https://open.spotify.com/track/25sgk305KZfyuqVBQIahim,2019-03-08,mt
17,Sunflower - Spider-Man: Into the Spider-Verse,Post Malone,1667,https://open.spotify.com/track/7dbka99KTWke5o9hRp0JoB,2019-03-08,mt
18,i'm so tired...,Lauv,1602,https://open.spotify.com/track/7COXchtUOMd6uIT6HvmRaI,2019-03-08,mt
19,Si Se Da,Myke Towers,1568,https://open.spotify.com/track/5KbBGUpIZd6gVFUU8tqYiQ,2019-03-08,mt
20,bury a friend,Billie Eilish,1561,https://open.spotify.com/track/4NzMOnvSJVNKF7nw5NkXIP,2019-03-08,mt
21,MIA (feat. Drake),Bad Bunny,1535,https://open.spotify.com/track/116H0KvKr2Zl4RPuVBruDO,2019-03-08,mt
22,My Bad,Khalid,1469,https://open.spotify.com/track/1DUSuNhF8P5vUGNPpQiZa5,2019-03-08,mt
23,"Taki Taki (with Selena Gomez, Ozuna & Cardi B)",DJ Snake,1403,https://open.spotify.com/track/4w8niZpiMy6qz1mntFA5uM,2019-03-08,mt
24,Pa Mí - Remix,Dalex,1395,https://open.spotify.com/track/224EVTFiLsdQignUFLvDeH,2019-03-08,mt
25,Sigue Bailandome,Yannc,1335,https://open.spotify.com/track/0GmiGIxXDNrePrHBpijYDp,2019-03-08,mt
26,Who Do You Love,The Chainsmokers,1333,https://open.spotify.com/track/11cDEev79fPKi6uJCjUhu8,2019-03-08,mt
27,Without Me,Halsey,1310,https://open.spotify.com/track/5p7ujcrUXASCNwRaWNHR1C,2019-03-08,mt
28,Fast,Juice WRLD,1307,https://open.spotify.com/track/6MjNilJCVKJq0LfFvo5jWJ,2019-03-08,mt
29,MIDDLE CHILD,J. Cole,1298,https://open.spotify.com/track/2JvzF1RMd7lE3KmFlsyZD8,2019-03-08,mt
30,Adan y Eva,Paulo Londra,1270,https://open.spotify.com/track/6FyRXC8tJUh863JCkyWqtk,2019-03-08,mt
31,Happier,Marshmello,1238,https://open.spotify.com/track/2dpaYNEQHiRxtZbfNsse99,2019-03-08,mt
32,Here With Me,Marshmello,1231,https://open.spotify.com/track/5icOoE6VgqFKohjWWNp0Ac,2019-03-08,mt
33,Talk,Khalid,1199,https://open.spotify.com/track/0rTV5WefWd1J3OwIheTzxM,2019-03-08,mt
34,Last Hurrah,Bebe Rexha,1195,https://open.spotify.com/track/0i0wnv9UoFdZ5MfuFGQzMy,2019-03-08,mt
35,Desconocidos,Mau y Ricky,1193,https://open.spotify.com/track/0s5DNDV6LAKn2u2Ufa3VjQ,2019-03-08,mt
36,Solo de Mi,Bad Bunny,1191,https://open.spotify.com/track/4uP3pUP18ennmz0tb3GphR,2019-03-08,mt
37,"thank u, next",Ariana Grande,1142,https://open.spotify.com/track/3e9HZxeyfWwjeyPAMmWSSQ,2019-03-08,mt
38,Bohemian Rhapsody - Remastered 2011,Queen,1133,https://open.spotify.com/track/7tFiyTwD0nx5a1eklYtX2J,2019-03-08,mt
39,Let Me Down Slowly,Alec Benjamin,1122,https://open.spotify.com/track/2qxmye6gAegTMjLKEBoR3d,2019-03-08,mt
40,Adictiva,Daddy Yankee,1121,https://open.spotify.com/track/6MJUCumnQsQEKbCy28tbCP,2019-03-08,mt
41,Si Estuviésemos Juntos,Bad Bunny,1085,https://open.spotify.com/track/35wvL50xvKpCHEJPxLOLPI,2019-03-08,mt
42,Please Me,Cardi B,1081,https://open.spotify.com/track/0PG9fbaaHFHfre2gUVo7AN,2019-03-08,mt
43,La Romana,Bad Bunny,1070,https://open.spotify.com/track/1khmgu0pveJbkbpbkyvcQv,2019-03-08,mt
44,No Te Enamores,Paloma Mami,1062,https://open.spotify.com/track/0EJu1RBtxzldMG2peczuPv,2019-03-08,mt
45,Aullando,Wisin & Yandel,1054,https://open.spotify.com/track/7BuHdm4lQqcyG3qTwdkxus,2019-03-08,mt
46,Ella Quiere Beber - Remix,Anuel AA,1042,https://open.spotify.com/track/3f5lA8nnc4YYF1qf78WpHw,2019-03-08,mt
47,High Hopes,Panic! At The Disco,1028,https://open.spotify.com/track/1rqqCSm0Qe4I9rUvWncaom,2019-03-08,mt
48,Esclavo de Tus Besos,Manuel Turizo,1019,https://open.spotify.com/track/3g4UyIcQwutiG0TfW32GnX,2019-03-08,mt
49,Un Año,Sebastian Yatra,1014,https://open.spotify.com/track/5BDP2tky8oMQJPS33frKVp,2019-03-08,mt
50,NI BIEN NI MAL,Bad Bunny,1006,https://open.spotify.com/track/278kSqsZIiYp8p3QjYAqa8,2019-03-08,mt
51,Someone You Loved,Lewis Capaldi,1004,https://open.spotify.com/track/2TIlqbIneP0ZY1O0EzYLlc,2019-03-08,mt
